{"cameraMode":{"drawMode":0,"name":"Shaded","section":"Shading Mode"},"sceneLighting":false,"audioPlay":false,"sceneViewState":{"m_AlwaysRefresh":false,"showFog":true,"showSkybox":true,"showFlares":true,"showImageEffects":true,"showParticleSystems":true,"showVisualEffectGraphs":true,"m_FxEnabled":false},"in2DMode":false,"pivot":{"x":10.001091957092286,"y":23.85259246826172,"z":6.072636604309082},"rotation":{"x":0.6605089902877808,"y":-0.0022524152882397177,"z":0.0019816276617348196,"w":0.750812292098999},"size":10.277978897094727,"orthographic":true}