{"cameraMode":{"drawMode":0,"name":"Shaded","section":"Shading Mode"},"sceneLighting":false,"audioPlay":false,"sceneViewState":{"m_AlwaysRefresh":false,"showFog":true,"showSkybox":false,"showFlares":true,"showImageEffects":true,"showParticleSystems":true,"showVisualEffectGraphs":true,"m_FxEnabled":true},"in2DMode":false,"pivot":{"x":0.20946548879146577,"y":-0.3178987503051758,"z":0.7278099060058594},"rotation":{"x":0.6190251111984253,"y":0.0023550884798169138,"z":-0.0018586376681923867,"w":0.7853742241859436},"size":3.2674710750579836,"orthographic":false}